Date,Open,High,Low,Close,Adj Close
20-10-2022,3.895,3.903,3.855,3.89,3.89
19-10-2022,3.835,3.91,3.813,3.893,3.893
18-10-2022,3.815,3.835,3.755,3.833,3.833
17-10-2022,3.6,3.688,3.595,3.688,3.688
14-10-2022,3.603,3.64,3.58,3.628,3.628
13-10-2022,3.515,3.603,3.485,3.583,3.583
12-10-2022,3.525,3.54,3.475,3.533,3.533
11-10-2022,3.293,3.34,3.283,3.34,3.34
10-10-2022,3.285,3.285,3.285,3.285,3.285
07-10-2022,3.273,3.295,3.233,3.293,3.293
06-10-2022,3.285,3.298,3.263,3.288,3.288
05-10-2022,3.29,3.315,3.29,3.293,3.293
04-10-2022,3.305,3.32,3.26,3.315,3.315
03-10-2022,3.165,3.19,3.14,3.15,3.15
30-09-2022,3.205,3.235,3.165,3.18,3.18
29-09-2022,3.225,3.243,3.185,3.218,3.218
28-09-2022,3.215,3.235,3.2,3.23,3.23
27-09-2022,3.265,3.265,3.218,3.25,3.25
26-09-2022,3.113,3.168,3.098,3.165,3.165
23-09-2022,3.148,3.148,3.08,3.108,3.108
22-09-2022,3.185,3.185,3.13,3.13,3.13
21-09-2022,3.243,3.253,3.19,3.19,3.19
20-09-2022,3.26,3.263,3.21,3.243,3.243
19-09-2022,3.07,3.093,3.018,3.035,3.035
16-09-2022,3.095,3.095,3.05,3.07,3.07
15-09-2022,3.138,3.143,3.075,3.095,3.095
14-09-2022,3.168,3.188,3,3.128,3.128
13-09-2022,3.073,3.213,3.025,3.153,3.153
12-09-2022,2.943,3,2.943,2.995,2.995
09-09-2022,2.955,2.973,2.935,2.968,2.968
08-09-2022,2.948,2.965,2.933,2.95,2.95
07-09-2022,2.968,2.968,2.908,2.933,2.933
06-09-2022,2.823,2.863,2.818,2.845,2.845
02-09-2022,2.835,2.848,2.8,2.82,2.82
01-09-2022,2.86,2.87,2.848,2.863,2.863
31-08-2022,2.863,2.87,2.84,2.86,2.86
30-08-2022,2.865,2.903,2.853,2.873,2.873
29-08-2022,2.75,2.813,2.75,2.798,2.798
26-08-2022,2.738,2.755,2.698,2.755,2.755
25-08-2022,2.705,2.73,2.7,2.73,2.73
24-08-2022,2.698,2.715,2.665,2.713,2.713
23-08-2022,2.718,2.72,2.655,2.703,2.703
22-08-2022,2.585,2.675,2.585,2.648,2.648
19-08-2022,2.573,2.58,2.558,2.58,2.58
18-08-2022,2.548,2.568,2.538,2.565,2.565
17-08-2022,2.5,2.628,2.5,2.568,2.568
16-08-2022,2.603,2.61,2.598,2.598,2.598
15-08-2022,2.488,2.513,2.445,2.513,2.513
12-08-2022,2.483,2.503,2.455,2.5,2.5
11-08-2022,2.498,2.498,2.443,2.49,2.49
10-08-2022,2.573,2.578,2.488,2.535,2.535
09-08-2022,2.575,2.578,2.535,2.57,2.57
08-08-2022,2.433,2.47,2.425,2.46,2.46
05-08-2022,2.373,2.425,2.328,2.41,2.41
04-08-2022,2.373,2.388,2.348,2.378,2.378
03-08-2022,2.443,2.47,2.398,2.428,2.428
02-08-2022,2.438,2.465,2.418,2.463,2.463
01-08-2022,2.29,2.313,2.263,2.265,2.265
29-07-2022,2.29,2.318,2.273,2.298,2.298
28-07-2022,2.348,2.348,2.258,2.308,2.308
27-07-2022,2.46,2.463,2.318,2.383,2.383
26-07-2022,2.48,2.485,2.125,2.475,2.475
25-07-2022,2.39,2.428,2.365,2.393,2.393
22-07-2022,2.355,2.375,2.303,2.355,2.355
21-07-2022,2.413,2.415,2.333,2.36,2.36
20-07-2022,2.398,2.405,2.378,2.378,2.378
19-07-2022,2.43,2.45,2.398,2.45,2.45
18-07-2022,2.253,2.303,2.248,2.26,2.26
15-07-2022,2.24,2.288,2.215,2.24,2.24
14-07-2022,2.31,2.363,2.255,2.273,2.273
13-07-2022,2.118,2.323,2.095,2.323,2.323
12-07-2022,2.108,2.128,2.085,2.113,2.113
11-07-2022,1.853,1.965,1.843,1.953,1.953
08-07-2022,1.833,1.868,1.825,1.843,1.843
07-07-2022,1.813,1.863,1.805,1.853,1.853
06-07-2022,1.838,1.858,1.8,1.84,1.84
05-07-2022,1.613,1.653,1.603,1.63,1.63
01-07-2022,1.61,1.628,1.573,1.603,1.603
30-06-2022,1.66,1.673,1.59,1.6,1.6
29-06-2022,1.73,1.748,1.695,1.705,1.705
28-06-2022,1.738,1.743,1.735,1.738,1.738
27-06-2022,1.603,1.633,1.59,1.633,1.633
24-06-2022,1.568,1.61,1.54,1.598,1.598
23-06-2022,1.5,1.568,1.475,1.56,1.56
22-06-2022,1.585,1.6,1.513,1.545,1.545
21-06-2022,1.543,1.543,1.455,1.488,1.488
17-06-2022,1.463,1.518,1.45,1.51,1.51
16-06-2022,1.583,1.603,1.463,1.483,1.483
15-06-2022,1.743,1.765,1.66,1.695,1.695
14-06-2022,1.705,1.743,1.7,1.743,1.743
13-06-2022,1.335,1.5,1.335,1.498,1.498
10-06-2022,1.243,1.288,1.225,1.288,1.288
09-06-2022,1.24,1.243,1.218,1.238,1.238
08-06-2022,1.23,1.245,1.215,1.233,1.233
07-06-2022,1.225,1.228,1.223,1.225,1.225
06-06-2022,1.128,1.173,1.128,1.16,1.16
03-06-2022,1.098,1.14,1.098,1.135,1.135
02-06-2022,1.083,1.115,1.083,1.113,1.113
01-06-2022,1.11,1.11,1.098,1.103,1.103
31-05-2022,1.038,1.045,1.013,1.03,1.03
27-05-2022,1.033,1.04,1.01,1.025,1.025
26-05-2022,1.023,1.043,1.008,1.028,1.028
25-05-2022,1.033,1.048,1.018,1.045,1.045
24-05-2022,1.038,1.043,1.033,1.043,1.043
23-05-2022,0.985,0.998,0.978,0.993,0.993
20-05-2022,0.998,1.005,0.975,0.978,0.978
19-05-2022,0.995,1.003,0.98,1,1
18-05-2022,1.038,1.04,0.998,1.003,1.003
17-05-2022,1.025,1.043,1.015,1.038,1.038
16-05-2022,0.943,0.985,0.943,0.98,0.98
13-05-2022,0.913,0.963,0.913,0.943,0.943
12-05-2022,0.883,0.918,0.865,0.905,0.905
11-05-2022,0.885,0.9,0.865,0.883,0.883
10-05-2022,0.88,0.885,0.873,0.878,0.878
09-05-2022,0.808,0.815,0.773,0.8,0.8
06-05-2022,0.78,0.815,0.775,0.815,0.815
05-05-2022,0.803,0.845,0.803,0.803,0.803
04-05-2022,0.905,0.93,0.8,0.833,0.833
03-05-2022,0.893,0.905,0.8,0.895,0.895
02-05-2022,0.795,0.805,0.76,0.765,0.765
29-04-2022,0.8,0.823,0.798,0.808,0.808
28-04-2022,0.813,0.815,0.77,0.785,0.785
27-04-2022,0.808,0.82,0.8,0.808,0.808
26-04-2022,0.865,0.87,0.823,0.833,0.833
25-04-2022,0.795,0.8,0.78,0.798,0.798
22-04-2022,0.805,0.813,0.775,0.78,0.78
21-04-2022,0.78,0.808,0.775,0.8,0.8
20-04-2022,0.83,0.845,0.79,0.795,0.795
19-04-2022,0.84,0.845,0.823,0.833,0.833
18-04-2022,0.75,0.758,0.73,0.755,0.755
14-04-2022,0.748,0.763,0.73,0.748,0.748
13-04-2022,0.735,0.74,0.7,0.74,0.74
12-04-2022,0.765,0.768,0.71,0.738,0.738
11-04-2022,0.675,0.693,0.673,0.68,0.68
08-04-2022,0.665,0.673,0.66,0.668,0.668
07-04-2022,0.655,0.665,0.648,0.66,0.66
06-04-2022,0.665,0.67,0.6,0.663,0.663
05-04-2022,0.663,0.675,0.663,0.668,0.668
04-04-2022,0.5,0.54,0.5,0.538,0.538
01-04-2022,0.498,0.505,0.498,0.5,0.5
31-03-2022,0.508,0.518,0.488,0.493,0.493
30-03-2022,0.55,0.563,0.5,0.525,0.525
29-03-2022,0.595,0.598,0.553,0.555,0.555
28-03-2022,0.523,0.525,0.503,0.508,0.508
25-03-2022,0.488,0.533,0.485,0.52,0.52
24-03-2022,0.455,0.488,0.455,0.483,0.483
23-03-2022,0.51,0.51,0.478,0.48,0.48
22-03-2022,0.543,0.545,0.515,0.52,0.52
21-03-2022,0.38,0.468,0.38,0.455,0.455
18-03-2022,0.358,0.385,0.353,0.383,0.383
17-03-2022,0.37,0.373,0.353,0.36,0.36
16-03-2022,0.46,0.465,0.43,0.433,0.433
15-03-2022,0.45,0.45,0.445,0.448,0.448
14-03-2022,0.373,0.388,0.363,0.378,0.378
11-03-2022,0.365,0.365,0.35,0.365,0.365
10-03-2022,0.37,0.375,0.348,0.36,0.36
09-03-2022,0.36,0.37,0.348,0.37,0.37
08-03-2022,0.363,0.363,0.35,0.36,0.36
07-03-2022,0.315,0.32,0.295,0.305,0.305
04-03-2022,0.325,0.325,0.295,0.305,0.305
03-03-2022,0.31,0.335,0.298,0.335,0.335
02-03-2022,0.33,0.345,0.318,0.325,0.325
01-03-2022,0.33,0.338,0.3,0.313,0.313
28-02-2022,0.31,0.31,0.273,0.288,0.288
25-02-2022,0.303,0.313,0.28,0.298,0.298
24-02-2022,0.295,0.295,0.265,0.283,0.283
23-02-2022,0.365,0.365,0.318,0.34,0.34
22-02-2022,0.32,0.33,0.308,0.33,0.33
18-02-2022,0.328,0.335,0.308,0.318,0.318
17-02-2022,0.36,0.36,0.33,0.345,0.345
16-02-2022,0.405,0.41,0.35,0.373,0.373
15-02-2022,0.415,0.42,0.398,0.4,0.4
14-02-2022,0.355,0.388,0.35,0.36,0.36
11-02-2022,0.373,0.383,0.318,0.338,0.338
10-02-2022,0.26,0.37,0.255,0.37,0.37
09-02-2022,0.27,0.275,0.268,0.27,0.27
08-02-2022,0.27,0.275,0.265,0.275,0.275
07-02-2022,0.22,0.22,0.2,0.203,0.203
04-02-2022,0.19,0.228,0.188,0.223,0.223
03-02-2022,0.193,0.198,0.188,0.193,0.193
02-02-2022,0.195,0.195,0.18,0.185,0.185
01-02-2022,0.22,0.223,0.203,0.203,0.203
31-01-2022,0.178,0.185,0.17,0.173,0.173
28-01-2022,0.188,0.188,0.17,0.173,0.173
27-01-2022,0.188,0.193,0.178,0.185,0.185
26-01-2022,0.19,0.19,0.17,0.178,0.178
25-01-2022,0.185,0.19,0.183,0.185,0.185
24-01-2022,0.165,0.165,0.155,0.155,0.155
21-01-2022,0.163,0.165,0.158,0.158,0.158
20-01-2022,0.163,0.168,0.158,0.168,0.168
19-01-2022,0.17,0.17,0.16,0.165,0.165
18-01-2022,0.123,0.133,0.123,0.13,0.13
14-01-2022,0.113,0.118,0.113,0.118,0.118
13-01-2022,0.113,0.113,0.105,0.11,0.11
12-01-2022,0.115,0.115,0.11,0.115,0.115
11-01-2022,0.115,0.118,0.115,0.118,0.118
10-01-2022,0.088,0.093,0.088,0.09,0.09
07-01-2022,0.09,0.09,0.085,0.088,0.088
06-01-2022,0.083,0.093,0.083,0.09,0.09
05-01-2022,0.08,0.093,0.08,0.085,0.085
04-01-2022,0.085,0.085,0.078,0.08,0.08
03-01-2022,0.05,0.058,0.05,0.053,0.053
31-12-2021,0.028,0.033,0.025,0.033,0.033
30-12-2021,0.033,0.033,0.02,0.025,0.025
29-12-2021,0.04,0.05,0.04,0.045,0.045
28-12-2021,0.065,0.065,0.048,0.05,0.05
27-12-2021,0.063,0.063,0.043,0.043,0.043
23-12-2021,0.058,0.06,0.055,0.058,0.058
22-12-2021,0.065,0.065,0.065,0.065,0.065
21-12-2021,0.065,0.07,0.065,0.065,0.065
20-12-2021,0.035,0.043,0.033,0.038,0.038
17-12-2021,0.038,0.038,0.03,0.03,0.03
16-12-2021,0.038,0.04,0.028,0.035,0.035
15-12-2021,0.05,0.05,0.038,0.045,0.045
14-12-2021,0.055,0.055,0.048,0.048,0.048
13-12-2021,0.045,0.048,0.043,0.043,0.043
10-12-2021,0.048,0.05,0.048,0.05,0.05
09-12-2021,0.055,0.055,0.05,0.053,0.053
08-12-2021,0.06,0.06,0.055,0.06,0.06
07-12-2021,0.05,0.058,0.05,0.058,0.058
06-12-2021,0.038,0.043,0.038,0.043,0.043
03-12-2021,0.038,0.043,0.038,0.043,0.043
02-12-2021,0.043,0.045,0.043,0.043,0.043
01-12-2021,0.045,0.05,0.045,0.05,0.05
30-11-2021,0.045,0.05,0.043,0.048,0.048
29-11-2021,0.043,0.043,0.03,0.038,0.038
26-11-2021,0.05,0.05,0.04,0.043,0.043
24-11-2021,0.045,0.053,0.045,0.05,0.05
23-11-2021,0.045,0.045,0.045,0.045,0.045
22-11-2021,0.043,0.043,0.038,0.04,0.04
19-11-2021,0.045,0.045,0.043,0.045,0.045
18-11-2021,0.045,0.045,0.043,0.045,0.045
17-11-2021,0.04,0.045,0.04,0.045,0.045
16-11-2021,0.04,0.04,0.04,0.04,0.04
15-11-2021,0.04,0.043,0.033,0.038,0.038
12-11-2021,0.043,0.043,0.04,0.043,0.043
11-11-2021,0.04,0.04,0.04,0.04,0.04
10-11-2021,0.04,0.045,0.038,0.045,0.045
09-11-2021,0.04,0.04,0.04,0.04,0.04
08-11-2021,0.04,0.04,0.035,0.035,0.035
05-11-2021,0.035,0.04,0.035,0.04,0.04
04-11-2021,0.038,0.04,0.035,0.035,0.035
03-11-2021,0.045,0.045,0.043,0.045,0.045
02-11-2021,0.045,0.045,0.043,0.045,0.045
01-11-2021,0.048,0.048,0.04,0.04,0.04
29-10-2021,0.043,0.048,0.043,0.048,0.048
28-10-2021,0.043,0.05,0.043,0.048,0.048
27-10-2021,0.05,0.05,0.05,0.05,0.05
26-10-2021,0.05,0.05,0.05,0.05,0.05
25-10-2021,0.05,0.05,0.05,0.05,0.05
22-10-2021,0.05,0.05,0.05,0.05,0.05
21-10-2021,0.045,0.05,0.043,0.05,0.05
20-10-2021,0.05,0.05,0.05,0.05,0.05
19-10-2021,0.05,0.05,0.05,0.05,0.05
18-10-2021,0.043,0.045,0.043,0.043,0.043
15-10-2021,0.038,0.04,0.038,0.038,0.038
14-10-2021,0.045,0.045,0.038,0.04,0.04
13-10-2021,0.045,0.045,0.045,0.045,0.045
12-10-2021,0.04,0.045,0.04,0.04,0.04
11-10-2021,0.04,0.04,0.04,0.04,0.04
08-10-2021,0.04,0.045,0.04,0.04,0.04
07-10-2021,0.04,0.045,0.038,0.04,0.04
06-10-2021,0.035,0.04,0.035,0.04,0.04
05-10-2021,0.033,0.038,0.033,0.035,0.035
04-10-2021,0.03,0.03,0.028,0.028,0.028
01-10-2021,0.03,0.033,0.025,0.028,0.028
30-09-2021,0.03,0.03,0.025,0.028,0.028
29-09-2021,0.03,0.035,0.03,0.03,0.03
28-09-2021,0.03,0.035,0.028,0.03,0.03
27-09-2021,0.025,0.025,0.02,0.025,0.025
24-09-2021,0.025,0.028,0.025,0.025,0.025
23-09-2021,0.025,0.035,0.023,0.025,0.025
22-09-2021,0.02,0.025,0.018,0.025,0.025
21-09-2021,0.025,0.025,0.015,0.02,0.02
20-09-2021,0.03,0.03,0.02,0.025,0.025
17-09-2021,0.03,0.033,0.028,0.028,0.028
16-09-2021,0.033,0.033,0.028,0.03,0.03
15-09-2021,0.035,0.035,0.035,0.035,0.035
14-09-2021,0.035,0.035,0.033,0.035,0.035
13-09-2021,0.038,0.038,0.033,0.038,0.038
10-09-2021,0.035,0.038,0.035,0.038,0.038
09-09-2021,0.035,0.04,0.035,0.038,0.038
08-09-2021,0.04,0.04,0.038,0.04,0.04
07-09-2021,0.035,0.04,0.033,0.035,0.035
03-09-2021,0.04,0.04,0.035,0.04,0.04
02-09-2021,0.035,0.04,0.035,0.04,0.04
01-09-2021,0.04,0.04,0.04,0.04,0.04
31-08-2021,0.04,0.04,0.038,0.04,0.04
30-08-2021,0.045,0.045,0.038,0.038,0.038
27-08-2021,0.043,0.043,0.043,0.043,0.043
26-08-2021,0.043,0.043,0.043,0.043,0.043
25-08-2021,0.05,0.05,0.045,0.045,0.045
24-08-2021,0.048,0.05,0.048,0.048,0.048
23-08-2021,0.043,0.043,0.033,0.04,0.04
20-08-2021,0.043,0.043,0.04,0.043,0.043
19-08-2021,0.055,0.055,0.043,0.043,0.043
18-08-2021,0.065,0.065,0.05,0.055,0.055
17-08-2021,0.065,0.065,0.063,0.063,0.063
16-08-2021,0.048,0.06,0.045,0.058,0.058
13-08-2021,0.04,0.045,0.04,0.045,0.045
12-08-2021,0.045,0.045,0.043,0.043,0.043
11-08-2021,0.05,0.05,0.04,0.045,0.045
10-08-2021,0.048,0.05,0.045,0.05,0.05
09-08-2021,0.045,0.048,0.043,0.045,0.045
06-08-2021,0.043,0.045,0.043,0.043,0.043
05-08-2021,0.043,0.045,0.043,0.043,0.043
04-08-2021,0.045,0.045,0.045,0.045,0.045
03-08-2021,0.043,0.045,0.043,0.045,0.045
02-08-2021,0.038,0.038,0.038,0.038,0.038
30-07-2021,0.04,0.04,0.04,0.04,0.04
29-07-2021,0.045,0.045,0.04,0.04,0.04
28-07-2021,0.045,0.045,0.045,0.045,0.045
27-07-2021,0.045,0.045,0.04,0.045,0.045
26-07-2021,0.04,0.045,0.04,0.04,0.04
23-07-2021,0.04,0.045,0.038,0.045,0.045
22-07-2021,0.045,0.045,0.038,0.043,0.043
21-07-2021,0.045,0.045,0.045,0.045,0.045
20-07-2021,0.045,0.045,0.043,0.045,0.045
19-07-2021,0.038,0.04,0.035,0.04,0.04
16-07-2021,0.04,0.04,0.038,0.038,0.038
15-07-2021,0.043,0.043,0.038,0.038,0.038
14-07-2021,0.045,0.045,0.045,0.045,0.045
13-07-2021,0.045,0.05,0.043,0.045,0.045
12-07-2021,0.043,0.043,0.04,0.043,0.043
09-07-2021,0.043,0.043,0.04,0.043,0.043
08-07-2021,0.043,0.043,0.043,0.043,0.043
07-07-2021,0.043,0.045,0.04,0.043,0.043
06-07-2021,0.04,0.043,0.04,0.04,0.04
02-07-2021,0.038,0.04,0.038,0.038,0.038
01-07-2021,0.04,0.04,0.038,0.04,0.04
30-06-2021,0.04,0.04,0.04,0.04,0.04
29-06-2021,0.045,0.045,0.038,0.04,0.04
28-06-2021,0.043,0.043,0.04,0.04,0.04
25-06-2021,0.043,0.043,0.043,0.043,0.043
24-06-2021,0.038,0.043,0.038,0.043,0.043
23-06-2021,0.035,0.04,0.03,0.04,0.04
22-06-2021,0.035,0.038,0.035,0.038,0.038
21-06-2021,0.03,0.033,0.03,0.03,0.03
18-06-2021,0.028,0.03,0.028,0.028,0.028
17-06-2021,0.03,0.03,0.028,0.028,0.028
16-06-2021,0.02,0.035,0.005,0.028,0.028
15-06-2021,0.02,0.02,0.015,0.02,0.02
14-06-2021,0.018,0.02,0.015,0.015,0.015
11-06-2021,0.018,0.018,0.015,0.018,0.018
10-06-2021,0.02,0.02,0.02,0.02,0.02
09-06-2021,0.02,0.02,0.02,0.02,0.02
08-06-2021,0.02,0.02,0.02,0.02,0.02
07-06-2021,0.015,0.02,0.015,0.018,0.018
04-06-2021,0.015,0.015,0.015,0.015,0.015
03-06-2021,0.013,0.018,0.013,0.015,0.015
02-06-2021,0.015,0.015,0.015,0.015,0.015
01-06-2021,0.01,0.01,0.01,0.01,0.01
28-05-2021,0.008,0.008,0.003,0.008,0.008
27-05-2021,0.005,0.005,0.005,0.005,0.005
26-05-2021,0.01,0.01,0.005,0.005,0.005
25-05-2021,0.01,0.01,0.01,0.01,0.01
24-05-2021,0.003,0.003,0.003,0.003,0.003
21-05-2021,0.003,0.003,0.003,0.003,0.003
20-05-2021,0.003,0.003,0.003,0.003,0.003
19-05-2021,0.01,0.01,0.005,0.005,0.005
18-05-2021,0.01,0.01,0.01,0.01,0.01
17-05-2021,0.005,0.005,0.003,0.005,0.005
14-05-2021,0.005,0.005,0.003,0.005,0.005
13-05-2021,0.01,0.01,0.008,0.008,0.008
12-05-2021,0.01,0.01,0.01,0.01,0.01
11-05-2021,0.01,0.01,0.01,0.01,0.01
10-05-2021,0.005,0.005,0.003,0.005,0.005
07-05-2021,0.008,0.008,0.008,0.008,0.008
06-05-2021,0.01,0.01,0.008,0.008,0.008
05-05-2021,0.01,0.01,0.008,0.008,0.008
04-05-2021,0.01,0.015,0.01,0.01,0.01
03-05-2021,0.003,0.008,0.003,0.005,0.005
30-04-2021,0.003,0.003,0.003,0.003,0.003
29-04-2021,0.005,0.008,0.005,0.008,0.008
28-04-2021,0.005,0.01,0.005,0.008,0.008
27-04-2021,0.01,0.01,0.008,0.01,0.01
26-04-2021,0.015,0.015,0.008,0.008,0.008
23-04-2021,0.015,0.015,0.013,0.015,0.015
22-04-2021,0.015,0.018,0.013,0.015,0.015
21-04-2021,0.013,0.015,0.013,0.013,0.013
20-04-2021,0.018,0.018,0.015,0.015,0.015
19-04-2021,0.01,0.015,0.01,0.015,0.015
16-04-2021,0.008,0.01,0.008,0.008,0.008
15-04-2021,0.013,0.013,0.008,0.01,0.01
14-04-2021,0.015,0.015,0.013,0.015,0.015
13-04-2021,0.015,0.015,0.013,0.015,0.015
12-04-2021,0.005,0.01,0.005,0.01,0.01
09-04-2021,0.005,0.008,0.003,0.003,0.003
08-04-2021,0.008,0.008,0.003,0.005,0.005
07-04-2021,0.015,0.015,0.008,0.01,0.01
06-04-2021,0.015,0.015,0.015,0.015,0.015
05-04-2021,0.013,0.015,0.013,0.015,0.015
01-04-2021,0.01,0.01,0.008,0.008,0.008
31-03-2021,0.013,0.013,0.013,0.013,0.013
30-03-2021,0.013,0.015,0.013,0.013,0.013
29-03-2021,0.013,0.015,0.008,0.008,0.008
26-03-2021,0.013,0.015,0.013,0.015,0.015
25-03-2021,0.008,0.015,0.008,0.015,0.015
24-03-2021,0.015,0.015,0.015,0.015,0.015
23-03-2021,0.01,0.01,0.01,0.01,0.01
22-03-2021,0.005,0.005,0.005,0.005,0.005
19-03-2021,0.003,0.01,0.003,0.005,0.005
18-03-2021,0.005,0.005,0.003,0.003,0.003
17-03-2021,0.005,0.015,0.005,0.008,0.008
16-03-2021,0.02,0.02,0.008,0.008,0.008
15-03-2021,0.023,0.023,0.015,0.015,0.015
12-03-2021,0.03,0.03,0.02,0.025,0.025
11-03-2021,0.028,0.035,0.028,0.028,0.028
10-03-2021,0.035,0.035,0.03,0.03,0.03
09-03-2021,0.04,0.04,0.033,0.035,0.035
08-03-2021,0.033,0.035,0.033,0.035,0.035
05-03-2021,0.028,0.03,0.028,0.028,0.028
04-03-2021,0.028,0.033,0.028,0.028,0.028
03-03-2021,0.035,0.035,0.035,0.035,0.035
02-03-2021,0.03,0.038,0.03,0.035,0.035
01-03-2021,0.03,0.035,0.028,0.028,0.028
26-02-2021,0.033,0.035,0.03,0.035,0.035
25-02-2021,0.028,0.04,0.028,0.033,0.033
24-02-2021,0.03,0.03,0.028,0.028,0.028
23-02-2021,0.023,0.023,0.023,0.023,0.023
22-02-2021,0.023,0.028,0.023,0.025,0.025
19-02-2021,0.023,0.025,0.023,0.023,0.023
18-02-2021,0.028,0.035,0.018,0.023,0.023
17-02-2021,0.035,0.035,0.035,0.035,0.035
16-02-2021,0.035,0.035,0.035,0.035,0.035
12-02-2021,0.035,0.035,0.035,0.035,0.035
11-02-2021,0.038,0.038,0.035,0.035,0.035
10-02-2021,0.035,0.035,0.035,0.035,0.035
09-02-2021,0.033,0.033,0.03,0.033,0.033
08-02-2021,0.023,0.028,0.02,0.02,0.02
05-02-2021,0.023,0.025,0.018,0.023,0.023
04-02-2021,0.038,0.038,0.028,0.03,0.03
03-02-2021,0.05,0.05,0.04,0.04,0.04
02-02-2021,0.06,0.06,0.05,0.05,0.05
01-02-2021,0.048,0.05,0.045,0.048,0.048
29-01-2021,0.055,0.055,0.045,0.048,0.048
28-01-2021,0.063,0.063,0.055,0.055,0.055
27-01-2021,0.07,0.07,0.06,0.06,0.06
26-01-2021,0.073,0.073,0.065,0.068,0.068
25-01-2021,0.07,0.07,0.068,0.07,0.07
22-01-2021,0.07,0.07,0.07,0.07,0.07
21-01-2021,0.075,0.075,0.073,0.073,0.073
20-01-2021,0.08,0.08,0.075,0.075,0.075
19-01-2021,0.073,0.075,0.073,0.073,0.073
15-01-2021,0.075,0.075,0.075,0.075,0.075
14-01-2021,0.075,0.078,0.075,0.075,0.075
13-01-2021,0.08,0.08,0.08,0.08,0.08
12-01-2021,0.08,0.08,0.08,0.08,0.08
11-01-2021,0.08,0.08,0.08,0.08,0.08
08-01-2021,0.08,0.08,0.08,0.08,0.08
07-01-2021,0.078,0.083,0.078,0.08,0.08
06-01-2021,0.078,0.078,0.078,0.078,0.078
05-01-2021,0.078,0.08,0.078,0.078,0.078
04-01-2021,0.068,0.073,0.068,0.068,0.068
31-12-2020,0.068,0.068,0.06,0.065,0.065
30-12-2020,0.09,0.09,0.07,0.07,0.07
29-12-2020,0.09,0.09,0.09,0.09,0.09
28-12-2020,0.078,0.083,0.078,0.08,0.08
24-12-2020,0.078,0.078,0.073,0.075,0.075
23-12-2020,0.075,0.08,0.075,0.075,0.075
22-12-2020,0.085,0.085,0.075,0.078,0.078
21-12-2020,0.08,0.08,0.075,0.078,0.078
18-12-2020,0.08,0.08,0.08,0.08,0.08
17-12-2020,0.075,0.083,0.075,0.08,0.08
16-12-2020,0.075,0.075,0.075,0.075,0.075
15-12-2020,0.07,0.07,0.07,0.07,0.07
14-12-2020,0.07,0.07,0.06,0.06,0.06
11-12-2020,0.065,0.068,0.065,0.065,0.065
10-12-2020,0.065,0.07,0.065,0.07,0.07
09-12-2020,0.07,0.07,0.07,0.07,0.07
08-12-2020,0.073,0.073,0.068,0.068,0.068
07-12-2020,0.075,0.078,0.07,0.07,0.07
04-12-2020,0.075,0.075,0.075,0.075,0.075
03-12-2020,0.075,0.075,0.075,0.075,0.075
02-12-2020,0.08,0.08,0.075,0.075,0.075
01-12-2020,0.08,0.083,0.08,0.08,0.08
30-11-2020,0.075,0.075,0.073,0.075,0.075
27-11-2020,0.083,0.085,0.073,0.073,0.073
25-11-2020,0.08,0.083,0.08,0.08,0.08
24-11-2020,0.085,0.085,0.08,0.08,0.08
23-11-2020,0.06,0.07,0.06,0.07,0.07
20-11-2020,0.058,0.06,0.058,0.058,0.058
19-11-2020,0.065,0.065,0.048,0.06,0.06
18-11-2020,0.08,0.083,0.075,0.075,0.075
17-11-2020,0.085,0.085,0.08,0.08,0.08
16-11-2020,0.085,0.085,0.075,0.075,0.075
13-11-2020,0.085,0.085,0.083,0.083,0.083
12-11-2020,0.085,0.088,0.083,0.085,0.085
11-11-2020,0.09,0.09,0.09,0.09,0.09
10-11-2020,0.095,0.095,0.09,0.09,0.09
09-11-2020,0.085,0.088,0.083,0.088,0.088
06-11-2020,0.085,0.085,0.08,0.083,0.083
05-11-2020,0.085,0.085,0.083,0.085,0.085
04-11-2020,0.088,0.088,0.083,0.083,0.083
03-11-2020,0.09,0.09,0.09,0.09,0.09
02-11-2020,0.083,0.083,0.08,0.083,0.083
30-10-2020,0.083,0.083,0.08,0.083,0.083
29-10-2020,0.083,0.085,0.083,0.083,0.083
28-10-2020,0.09,0.09,0.09,0.09,0.09
27-10-2020,0.09,0.09,0.09,0.09,0.09
26-10-2020,0.083,0.088,0.08,0.08,0.08
23-10-2020,0.083,0.085,0.083,0.083,0.083
22-10-2020,0.083,0.085,0.083,0.085,0.085
21-10-2020,0.095,0.095,0.09,0.09,0.09
20-10-2020,0.095,0.095,0.095,0.095,0.095
19-10-2020,0.093,0.093,0.085,0.09,0.09
16-10-2020,0.095,0.095,0.09,0.09,0.09
15-10-2020,0.095,0.098,0.093,0.095,0.095
14-10-2020,0.1,0.1,0.1,0.1,0.1
13-10-2020,0.095,0.095,0.09,0.093,0.093
12-10-2020,0.09,0.09,0.09,0.09,0.09
09-10-2020,0.09,0.095,0.09,0.093,0.093
08-10-2020,0.09,0.09,0.088,0.088,0.088
07-10-2020,0.09,0.09,0.085,0.088,0.088
06-10-2020,0.088,0.09,0.085,0.088,0.088
05-10-2020,0.085,0.085,0.083,0.085,0.085
02-10-2020,0.085,0.085,0.085,0.085,0.085
01-10-2020,0.088,0.093,0.083,0.083,0.083
30-09-2020,0.085,0.093,0.085,0.085,0.085
29-09-2020,0.093,0.093,0.083,0.085,0.085
28-09-2020,0.093,0.093,0.088,0.088,0.088
25-09-2020,0.09,0.093,0.088,0.09,0.09
24-09-2020,0.088,0.093,0.088,0.093,0.093
23-09-2020,0.088,0.088,0.088,0.088,0.088
22-09-2020,0.09,0.09,0.088,0.088,0.088
21-09-2020,0.083,0.083,0.08,0.08,0.08
18-09-2020,0.083,0.083,0.078,0.083,0.083
17-09-2020,0.093,0.093,0.075,0.085,0.085
16-09-2020,0.098,0.1,0.098,0.1,0.1
15-09-2020,0.105,0.105,0.1,0.1,0.1
14-09-2020,0.1,0.103,0.098,0.1,0.1
11-09-2020,0.103,0.105,0.103,0.103,0.103
10-09-2020,0.103,0.108,0.103,0.103,0.103
09-09-2020,0.11,0.11,0.103,0.105,0.105
08-09-2020,0.103,0.108,0.103,0.108,0.108
04-09-2020,0.1,0.105,0.098,0.103,0.103
03-09-2020,0.098,0.103,0.098,0.1,0.1
02-09-2020,0.098,0.103,0.098,0.1,0.1
01-09-2020,0.1,0.1,0.1,0.1,0.1
31-08-2020,0.093,0.098,0.093,0.095,0.095
28-08-2020,0.095,0.095,0.095,0.095,0.095
27-08-2020,0.088,0.095,0.088,0.095,0.095
26-08-2020,0.095,0.095,0.093,0.093,0.093
25-08-2020,0.095,0.095,0.095,0.095,0.095
24-08-2020,0.088,0.088,0.085,0.085,0.085
21-08-2020,0.083,0.088,0.083,0.088,0.088
20-08-2020,0.085,0.088,0.083,0.088,0.088
19-08-2020,0.1,0.1,0.095,0.095,0.095
18-08-2020,0.1,0.1,0.1,0.1,0.1
17-08-2020,0.083,0.085,0.083,0.085,0.085
14-08-2020,0.09,0.09,0.088,0.088,0.088
13-08-2020,0.093,0.093,0.09,0.09,0.09
12-08-2020,0.1,0.1,0.1,0.1,0.1
11-08-2020,0.103,0.103,0.098,0.1,0.1
10-08-2020,0.088,0.093,0.088,0.088,0.088
07-08-2020,0.083,0.088,0.083,0.088,0.088
06-08-2020,0.093,0.093,0.085,0.088,0.088
05-08-2020,0.09,0.095,0.09,0.095,0.095
04-08-2020,0.093,0.093,0.09,0.09,0.09
03-08-2020,0.083,0.083,0.075,0.078,0.078
31-07-2020,0.083,0.085,0.083,0.083,0.083
30-07-2020,0.09,0.09,0.085,0.085,0.085
29-07-2020,0.098,0.098,0.09,0.09,0.09
28-07-2020,0.103,0.105,0.103,0.103,0.103
27-07-2020,0.098,0.098,0.09,0.093,0.093
24-07-2020,0.103,0.103,0.098,0.098,0.098
23-07-2020,0.108,0.108,0.1,0.103,0.103
22-07-2020,0.105,0.105,0.1,0.1,0.1
21-07-2020,0.115,0.115,0.11,0.11,0.11
20-07-2020,0.105,0.108,0.105,0.105,0.105
17-07-2020,0.1,0.105,0.1,0.105,0.105
16-07-2020,0.118,0.118,0.1,0.103,0.103
15-07-2020,0.125,0.128,0.12,0.125,0.125
14-07-2020,0.133,0.133,0.133,0.133,0.133
13-07-2020,0.12,0.128,0.12,0.125,0.125
10-07-2020,0.12,0.12,0.12,0.12,0.12
09-07-2020,0.13,0.13,0.12,0.123,0.123
08-07-2020,0.138,0.138,0.135,0.135,0.135
07-07-2020,0.14,0.143,0.14,0.14,0.14
06-07-2020,0.135,0.135,0.128,0.128,0.128
02-07-2020,0.128,0.135,0.128,0.133,0.133
01-07-2020,0.135,0.135,0.13,0.13,0.13
30-06-2020,0.138,0.138,0.135,0.135,0.135
29-06-2020,0.13,0.13,0.125,0.125,0.125
26-06-2020,0.133,0.135,0.128,0.133,0.133
25-06-2020,0.135,0.135,0.128,0.13,0.13
24-06-2020,0.138,0.138,0.135,0.135,0.135
23-06-2020,0.145,0.145,0.14,0.14,0.14
22-06-2020,0.14,0.143,0.14,0.14,0.14
19-06-2020,0.143,0.148,0.14,0.143,0.143
18-06-2020,0.148,0.148,0.14,0.14,0.14
17-06-2020,0.16,0.165,0.16,0.165,0.165
16-06-2020,0.153,0.163,0.153,0.16,0.16
15-06-2020,0.158,0.163,0.155,0.155,0.155
12-06-2020,0.155,0.165,0.15,0.15,0.15
11-06-2020,0.158,0.158,0.15,0.153,0.153
10-06-2020,0.163,0.168,0.163,0.165,0.165
09-06-2020,0.16,0.165,0.16,0.165,0.165
08-06-2020,0.148,0.153,0.148,0.153,0.153
05-06-2020,0.143,0.145,0.14,0.145,0.145
04-06-2020,0.143,0.143,0.138,0.14,0.14
03-06-2020,0.145,0.148,0.145,0.148,0.148
02-06-2020,0.143,0.145,0.143,0.145,0.145
01-06-2020,0.13,0.13,0.128,0.128,0.128
29-05-2020,0.13,0.13,0.128,0.128,0.128
28-05-2020,0.133,0.14,0.133,0.138,0.138
27-05-2020,0.125,0.14,0.125,0.135,0.135
26-05-2020,0.11,0.118,0.11,0.118,0.118
22-05-2020,0.11,0.113,0.108,0.11,0.11
21-05-2020,0.11,0.113,0.11,0.11,0.11
20-05-2020,0.113,0.12,0.113,0.118,0.118
19-05-2020,0.113,0.12,0.113,0.118,0.118
18-05-2020,0.105,0.105,0.103,0.105,0.105
15-05-2020,0.105,0.108,0.1,0.103,0.103
14-05-2020,0.108,0.113,0.105,0.105,0.105
13-05-2020,0.118,0.12,0.11,0.115,0.115
12-05-2020,0.118,0.123,0.118,0.123,0.123
11-05-2020,0.098,0.105,0.095,0.105,0.105
08-05-2020,0.098,0.098,0.09,0.095,0.095
07-05-2020,0.105,0.105,0.09,0.095,0.095
06-05-2020,0.078,0.108,0.078,0.108,0.108
05-05-2020,0.103,0.11,0.1,0.11,0.11
04-05-2020,0.095,0.103,0.09,0.09,0.09
01-05-2020,0.088,0.095,0.088,0.093,0.093
30-04-2020,0.078,0.093,0.078,0.09,0.09
29-04-2020,0.075,0.1,0.075,0.09,0.09
28-04-2020,0.103,0.103,0.083,0.085,0.085
27-04-2020,0.09,0.1,0.09,0.093,0.093
24-04-2020,0.093,0.103,0.093,0.1,0.1
23-04-2020,0.088,0.1,0.088,0.093,0.093
22-04-2020,0.103,0.103,0.093,0.093,0.093
21-04-2020,0.105,0.11,0.098,0.098,0.098
20-04-2020,0.1,0.108,0.07,0.07,0.07
17-04-2020,0.11,0.113,0.095,0.103,0.103
16-04-2020,0.118,0.125,0.11,0.11,0.11
15-04-2020,0.115,0.125,0.108,0.115,0.115
14-04-2020,0.218,0.22,0.165,0.165,0.165
13-04-2020,0.208,0.26,0.195,0.2,0.2
09-04-2020,0.163,0.215,0.155,0.21,0.21
08-04-2020,0.155,0.188,0.155,0.185,0.185
07-04-2020,0.115,0.13,0.115,0.128,0.128
06-04-2020,0.058,0.083,0.053,0.06,0.06
03-04-2020,0.048,0.063,0.048,0.058,0.058
02-04-2020,0.053,0.073,0.04,0.065,0.065
01-04-2020,0.085,0.09,0.063,0.063,0.063
31-03-2020,0.07,0.07,0.028,0.03,0.03
30-03-2020,-0.043,0.02,-0.053,0.013,0.013
27-03-2020,-0.108,-0.058,-0.108,-0.058,-0.058
26-03-2020,-0.103,-0.1,-0.123,-0.105,-0.105
25-03-2020,-0.033,3.39,-0.235,-0.07,-0.07
24-03-2020,-0.003,0.005,-0.07,-0.033,-0.033
23-03-2020,-0.03,-0.028,-0.04,-0.04,-0.04
20-03-2020,-0.045,-0.023,-0.045,-0.033,-0.033
19-03-2020,-0.033,-0.018,-0.04,-0.028,-0.028
18-03-2020,0.1,0.1,-0.013,0.003,0.003
17-03-2020,0.235,0.235,0.143,0.165,0.165
16-03-2020,0.13,0.21,0.115,0.185,0.185
13-03-2020,0.258,0.27,0.23,0.243,0.243
12-03-2020,0.165,0.283,0.155,0.273,0.273
11-03-2020,0.375,0.41,0.35,0.368,0.368
10-03-2020,0.398,0.4,0.378,0.39,0.39
09-03-2020,0.235,0.363,0.178,0.33,0.33
06-03-2020,0.403,0.428,0.325,0.415,0.415
05-03-2020,0.655,0.655,0.578,0.595,0.595
04-03-2020,0.848,0.85,0.675,0.675,0.675
03-03-2020,1.143,1.153,0.855,0.918,0.918
02-03-2020,1.09,1.158,1.09,1.135,1.135
28-02-2020,1.29,1.29,1.23,1.23,1.23
27-02-2020,1.423,1.423,1.363,1.395,1.395
26-02-2020,1.495,1.495,1.47,1.478,1.478
25-02-2020,1.5,1.505,1.49,1.49,1.49
24-02-2020,1.498,1.503,1.49,1.503,1.503
21-02-2020,1.533,1.533,1.513,1.518,1.518
20-02-2020,1.535,1.538,1.533,1.538,1.538
19-02-2020,1.53,1.545,1.53,1.543,1.543
18-02-2020,1.535,1.543,1.533,1.535,1.535
14-02-2020,1.535,1.538,1.535,1.535,1.535
13-02-2020,1.533,1.545,1.53,1.545,1.545
12-02-2020,1.535,1.535,1.535,1.535,1.535
11-02-2020,1.535,1.538,1.535,1.538,1.538
10-02-2020,1.515,1.525,1.51,1.52,1.52
07-02-2020,1.523,1.528,1.515,1.518,1.518
06-02-2020,1.52,1.533,1.52,1.53,1.53
05-02-2020,1.54,1.54,1.52,1.52,1.52
04-02-2020,1.538,1.54,1.538,1.538,1.538
03-02-2020,1.513,1.52,1.513,1.518,1.518
31-01-2020,1.518,1.52,1.508,1.51,1.51
30-01-2020,1.51,1.528,1.508,1.528,1.528
29-01-2020,1.53,1.535,1.52,1.52,1.52
28-01-2020,1.525,1.53,1.525,1.53,1.53
27-01-2020,1.485,1.505,1.483,1.505,1.505
24-01-2020,1.515,1.515,1.49,1.49,1.49
23-01-2020,1.508,1.518,1.508,1.515,1.515
22-01-2020,1.515,1.515,1.51,1.513,1.513
21-01-2020,1.513,1.518,1.503,1.503,1.503
17-01-2020,1.515,1.525,1.515,1.523,1.523
16-01-2020,1.523,1.525,1.515,1.518,1.518
15-01-2020,1.528,1.528,1.508,1.508,1.508
14-01-2020,1.523,1.53,1.523,1.53,1.53
13-01-2020,1.5,1.51,1.5,1.51,1.51
10-01-2020,1.498,1.503,1.498,1.498,1.498
09-01-2020,1.495,1.503,1.495,1.5,1.5
08-01-2020,1.493,1.493,1.485,1.493,1.493
07-01-2020,1.505,1.505,1.5,1.5,1.5
06-01-2020,1.478,1.49,1.475,1.488,1.488
03-01-2020,1.49,1.49,1.46,1.473,1.473
02-01-2020,1.51,1.51,1.495,1.495,1.495
31-12-2019,1.505,1.505,1.505,1.505,1.505
30-12-2019,1.508,1.518,1.488,1.49,1.49
27-12-2019,1.535,1.535,1.513,1.518,1.518
26-12-2019,1.53,1.545,1.528,1.535,1.535
24-12-2019,1.545,1.545,1.538,1.538,1.538
23-12-2019,1.53,1.533,1.52,1.52,1.52
20-12-2019,1.525,1.53,1.52,1.528,1.528
19-12-2019,1.518,1.533,1.515,1.533,1.533
18-12-2019,1.518,1.52,1.518,1.518,1.518
17-12-2019,1.53,1.53,1.53,1.53,1.53
16-12-2019,1.525,1.528,1.523,1.525,1.525
13-12-2019,1.515,1.523,1.513,1.523,1.523
12-12-2019,1.52,1.538,1.52,1.53,1.53
11-12-2019,1.52,2,1.52,1.52,1.52
10-12-2019,1.508,1.515,1.508,1.515,1.515
09-12-2019,1.478,1.5,1.478,1.498,1.498
06-12-2019,1.495,1.5,1.48,1.48,1.48
05-12-2019,1.505,1.51,1.493,1.493,1.493
04-12-2019,1.535,1.675,1.498,1.498,1.498
03-12-2019,1.545,1.545,1.533,1.538,1.538
02-12-2019,1.55,1.553,1.538,1.538,1.538
29-11-2019,1.553,1.553,1.54,1.54,1.54
27-11-2019,1.57,1.585,1.565,1.565,1.565
26-11-2019,1.555,1.565,1.555,1.565,1.565
25-11-2019,1.545,1.55,1.543,1.545,1.545
22-11-2019,1.525,1.543,1.523,1.543,1.543
21-11-2019,1.52,1.53,1.518,1.53,1.53
20-11-2019,1.523,1.523,1.52,1.52,1.52
19-11-2019,1.53,1.53,1.525,1.525,1.525
18-11-2019,1.525,1.528,1.518,1.523,1.523
15-11-2019,1.528,1.528,1.52,1.528,1.528
14-11-2019,1.533,1.538,1.528,1.528,1.528
13-11-2019,1.543,1.545,1.535,1.535,1.535
12-11-2019,1.52,1.543,1.518,1.533,1.533
11-11-2019,1.513,1.513,1.513,1.513,1.513
08-11-2019,1.515,1.518,1.505,1.51,1.51
07-11-2019,1.515,1.523,1.513,1.518,1.518
06-11-2019,1.515,1.515,1.515,1.515,1.515
05-11-2019,1.518,1.518,1.515,1.518,1.518
04-11-2019,1.483,1.503,1.48,1.503,1.503
01-11-2019,1.495,1.503,1.48,1.485,1.485
31-10-2019,1.533,1.535,1.495,1.498,1.498
30-10-2019,1.595,1.595,1.595,1.595,1.595
29-10-2019,1.595,1.595,1.595,1.595,1.595
28-10-2019,1.63,1.635,1.603,1.605,1.605
25-10-2019,1.62,1.63,1.618,1.625,1.625
24-10-2019,1.61,1.623,1.61,1.623,1.623
23-10-2019,1.613,1.615,1.613,1.615,1.615
22-10-2019,1.615,1.615,1.615,1.615,1.615
21-10-2019,1.63,1.638,1.62,1.625,1.625
18-10-2019,1.618,1.628,1.613,1.625,1.625
17-10-2019,1.615,1.628,1.615,1.625,1.625
16-10-2019,1.62,1.625,1.61,1.615,1.615
15-10-2019,1.615,1.628,1.608,1.618,1.618
14-10-2019,1.618,1.618,1.618,1.618,1.618
11-10-2019,1.64,1.66,1.6,1.623,1.623
10-10-2019,1.618,1.638,1.615,1.633,1.633
09-10-2019,1.63,1.63,1.618,1.628,1.628
08-10-2019,1.665,1.67,1.65,1.655,1.655
07-10-2019,1.663,1.685,1.663,1.673,1.673
04-10-2019,1.658,1.675,1.65,1.655,1.655
03-10-2019,1.693,1.695,1.633,1.665,1.665
02-10-2019,1.77,1.77,1.735,1.735,1.735
01-10-2019,1.805,1.805,1.753,1.753,1.753
30-09-2019,1.745,1.793,1.745,1.77,1.77
27-09-2019,1.758,1.763,1.725,1.73,1.73
26-09-2019,1.83,1.835,1.77,1.77,1.77
25-09-2019,1.875,1.883,1.845,1.845,1.845
24-09-2019,1.895,1.895,1.88,1.88,1.88
23-09-2019,1.855,1.86,1.845,1.845,1.845
20-09-2019,1.865,1.87,1.843,1.85,1.85
19-09-2019,1.865,1.895,1.863,1.883,1.883
18-09-2019,1.9,1.91,1.85,1.88,1.88
17-09-2019,1.965,1.965,1.7,1.938,1.938
16-09-2019,1.905,1.948,1.905,1.945,1.945
13-09-2019,1.89,1.9,1.888,1.9,1.9
12-09-2019,1.888,1.9,1.878,1.895,1.895
11-09-2019,1.913,1.913,1.913,1.913,1.913
10-09-2019,1.91,1.915,1.91,1.913,1.913
09-09-2019,1.918,1.923,1.908,1.908,1.908
06-09-2019,1.918,1.918,1.908,1.91,1.91
05-09-2019,1.908,1.928,1.908,1.92,1.92
04-09-2019,1.913,1.915,1.898,1.905,1.905
03-09-2019,1.93,1.93,1.905,1.91,1.91
30-08-2019,1.93,1.933,1.93,1.933,1.933
29-08-2019,1.935,1.943,1.93,1.94,1.94
28-08-2019,1.943,1.945,1.94,1.94,1.94
27-08-2019,1.945,1.953,1.943,1.943,1.943
26-08-2019,1.925,1.94,1.923,1.933,1.933
23-08-2019,1.925,1.925,1.898,1.91,1.91
22-08-2019,1.935,1.94,1.935,1.938,1.938
21-08-2019,1.908,1.93,1.908,1.928,1.928
20-08-2019,1.888,1.9,1.883,1.9,1.9
19-08-2019,1.828,1.853,1.828,1.853,1.853
16-08-2019,1.845,1.845,1.823,1.823,1.823
15-08-2019,1.863,1.883,1.843,1.843,1.843
14-08-2019,1.938,1.938,1.9,1.908,1.908
13-08-2019,1.94,1.958,1.938,1.955,1.955
12-08-2019,1.945,1.95,1.928,1.928,1.928
09-08-2019,1.963,1.963,1.943,1.95,1.95
08-08-2019,1.973,1.985,1.97,1.97,1.97
07-08-2019,1.973,1.975,1.963,1.968,1.968
06-08-2019,1.99,1.998,1.988,1.995,1.995
05-08-2019,1.978,1.978,1.953,1.953,1.953
02-08-2019,2.018,2.02,1.998,2,2
01-08-2019,2.023,2.048,2.02,2.03,2.03
31-07-2019,2.028,2.035,1.968,2.03,2.03
30-07-2019,2.053,2.058,2.038,2.04,2.04
29-07-2019,2.065,2.073,2.05,2.05,2.05
26-07-2019,2.053,2.063,2.05,2.063,2.063
25-07-2019,2.038,2.06,2.033,2.06,2.06
24-07-2019,2.033,2.043,2.03,2.04,2.04
23-07-2019,2.033,2.038,2.028,2.033,2.033
22-07-2019,2.033,2.033,2.015,2.025,2.025
19-07-2019,2.003,2.02,1.993,2.013,2.013
18-07-2019,2.065,2.065,2.013,2.013,2.013
17-07-2019,2.098,2.098,2.073,2.073,2.073
16-07-2019,2.103,2.105,2.1,2.103,2.103
15-07-2019,2.088,2.093,2.085,2.085,2.085
12-07-2019,2.09,2.095,2.088,2.09,2.09
11-07-2019,2.098,2.118,2.093,2.098,2.098
10-07-2019,2.203,2.203,2.125,2.13,2.13
09-07-2019,2.2,2.208,2.195,2.195,2.195
08-07-2019,2.16,2.18,2.158,2.178,2.178
05-07-2019,2.143,2.175,2.143,2.163,2.163
03-07-2019,2.14,2.15,2.14,2.15,2.15
02-07-2019,2.143,2.148,2.125,2.148,2.148
01-07-2019,2.055,2.07,2.053,2.065,2.065
28-06-2019,2.075,2.075,2.035,2.035,2.035
27-06-2019,2.088,2.095,2.083,2.085,2.085
26-06-2019,2.085,2.098,2.085,2.093,2.093
25-06-2019,2.073,2.085,2.07,2.083,2.083
24-06-2019,2.058,2.065,2.058,2.058,2.058
21-06-2019,2.07,2.07,2.055,2.055,2.055
20-06-2019,2.09,2.105,2.07,2.078,2.078
19-06-2019,2.165,2.168,2.12,2.125,2.125
18-06-2019,2.163,2.17,2.163,2.168,2.168
17-06-2019,2.125,2.138,2.125,2.138,2.138
14-06-2019,2.13,2.143,2.12,2.125,2.125
13-06-2019,2.163,2.163,2.138,2.14,2.14
12-06-2019,2.203,2.205,2.16,2.165,2.165
11-06-2019,2.225,2.228,2.213,2.213,2.213
10-06-2019,2.228,2.228,2.22,2.22,2.22
07-06-2019,2.253,2.253,2.203,2.215,2.215
06-06-2019,2.278,2.278,2.248,2.255,2.255
05-06-2019,2.283,2.285,2.278,2.285,2.285
04-06-2019,2.295,2.3,2.293,2.295,2.295
03-06-2019,2.28,2.283,2.275,2.28,2.28
31-05-2019,2.293,2.295,2.29,2.293,2.293
30-05-2019,2.3,2.31,2.3,2.31,2.31
29-05-2019,2.298,2.3,2.295,2.298,2.298
28-05-2019,2.29,2.303,2.29,2.298,2.298
24-05-2019,2.303,2.305,2.288,2.288,2.288
23-05-2019,2.31,2.31,2.303,2.303,2.303
22-05-2019,2.33,2.33,2.32,2.32,2.32
21-05-2019,2.33,2.333,2.33,2.33,2.33
20-05-2019,2.328,2.328,2.32,2.32,2.32
17-05-2019,2.335,2.335,2.328,2.33,2.33
16-05-2019,2.345,2.345,2.338,2.338,2.338
15-05-2019,2.348,2.355,2.348,2.35,2.35
14-05-2019,2.35,2.355,2.35,2.353,2.353
13-05-2019,2.36,2.36,2.35,2.35,2.35
10-05-2019,2.368,2.37,2.365,2.37,2.37
09-05-2019,2.368,2.37,2.365,2.37,2.37
08-05-2019,2.368,2.37,2.368,2.37,2.37
07-05-2019,2.37,2.373,2.368,2.368,2.368
06-05-2019,2.36,2.365,2.36,2.363,2.363
03-05-2019,2.37,2.37,2.365,2.368,2.368
02-05-2019,2.36,2.373,2.36,2.373,2.373
01-05-2019,2.37,2.373,2.345,2.363,2.363
30-04-2019,2.375,2.375,2.368,2.368,2.368
29-04-2019,2.36,2.365,2.36,2.36,2.36
26-04-2019,2.363,2.363,2.358,2.36,2.36
25-04-2019,2.365,2.365,2.36,2.365,2.365
24-04-2019,2.38,2.38,2.375,2.375,2.375
23-04-2019,2.388,2.39,2.385,2.39,2.39
22-04-2019,2.368,2.378,2.368,2.375,2.375
18-04-2019,2.37,2.373,2.365,2.365,2.365
17-04-2019,2.38,2.39,2.38,2.38,2.38
16-04-2019,2.373,2.38,2.373,2.378,2.378
15-04-2019,2.373,2.375,2.36,2.36,2.36
12-04-2019,2.365,2.375,2.365,2.375,2.375
11-04-2019,2.36,2.365,2.36,2.365,2.365
10-04-2019,2.365,2.365,2.36,2.363,2.363
09-04-2019,2.365,2.365,2.365,2.365,2.365
08-04-2019,2.37,2.37,2.365,2.365,2.365
05-04-2019,2.37,2.375,2.37,2.37,2.37
04-04-2019,2.37,2.378,2.37,2.37,2.37
03-04-2019,2.375,2.378,2.37,2.373,2.373
02-04-2019,2.363,2.373,2.363,2.37,2.37
01-04-2019,2.343,2.345,2.32,2.323,2.323
29-03-2019,2.363,2.363,2.328,2.328,2.328
28-03-2019,2.373,2.378,2.368,2.37,2.37
27-03-2019,2.398,2.403,2.375,2.378,2.378
26-03-2019,2.403,2.405,2.403,2.405,2.405
25-03-2019,2.4,2.4,2.39,2.39,2.39
22-03-2019,2.405,2.408,2.395,2.398,2.398
21-03-2019,2.403,2.418,2.403,2.408,2.408
20-03-2019,2.405,2.415,2.398,2.408,2.408
19-03-2019,2.398,2.405,2.398,2.405,2.405
18-03-2019,2.388,2.39,2.385,2.385,2.385
15-03-2019,2.388,2.39,2.385,2.388,2.388
14-03-2019,2.388,2.393,2.385,2.388,2.388
13-03-2019,2.393,2.395,2.388,2.388,2.388
12-03-2019,2.395,2.395,2.393,2.395,2.395
11-03-2019,2.393,2.393,2.38,2.38,2.38
08-03-2019,2.395,2.395,2.39,2.393,2.393
07-03-2019,2.395,2.4,2.395,2.395,2.395
06-03-2019,2.405,2.405,2.403,2.405,2.405
05-03-2019,2.4,2.405,2.4,2.4,2.4
04-03-2019,2.378,2.385,2.375,2.375,2.375
01-03-2019,2.385,2.388,2.378,2.378,2.378
28-02-2019,2.388,2.39,2.38,2.383,2.383
27-02-2019,2.398,2.4,2.393,2.393,2.393
26-02-2019,2.398,2.4,2.398,2.4,2.4
25-02-2019,2.393,2.398,2.388,2.393,2.393
22-02-2019,2.393,2.395,2.388,2.393,2.393
21-02-2019,2.383,2.395,2.383,2.395,2.395
20-02-2019,2.38,2.383,2.38,2.383,2.383
19-02-2019,2.373,2.373,2.365,2.373,2.373
15-02-2019,2.37,2.373,2.37,2.37,2.37
14-02-2019,2.373,2.375,2.37,2.373,2.373
13-02-2019,2.375,2.378,2.373,2.373,2.373
12-02-2019,2.388,2.388,2.378,2.378,2.378
11-02-2019,2.368,2.383,2.368,2.375,2.375
08-02-2019,2.355,2.368,2.355,2.365,2.365
07-02-2019,2.348,2.363,2.348,2.355,2.355
06-02-2019,2.36,2.365,2.358,2.365,2.365
05-02-2019,2.368,2.37,2.363,2.365,2.365
04-02-2019,2.34,2.34,2.335,2.335,2.335
01-02-2019,2.34,2.345,2.34,2.34,2.34
31-01-2019,2.355,2.36,2.34,2.34,2.34
30-01-2019,2.365,2.375,2.365,2.365,2.365
29-01-2019,2.365,2.365,2.363,2.365,2.365
28-01-2019,2.333,2.338,2.33,2.333,2.333
25-01-2019,2.315,2.333,2.315,2.328,2.328
24-01-2019,2.345,2.35,2.305,2.305,2.305
23-01-2019,2.373,2.373,2.353,2.353,2.353
22-01-2019,2.35,2.355,2.343,2.345,2.345
18-01-2019,2.355,2.355,2.345,2.348,2.348
17-01-2019,2.36,2.365,2.353,2.355,2.355
16-01-2019,2.378,2.378,2.363,2.363,2.363
15-01-2019,2.385,2.385,2.383,2.383,2.383
14-01-2019,2.365,2.37,2.358,2.36,2.36
11-01-2019,2.37,2.373,2.365,2.37,2.37
10-01-2019,2.38,2.388,2.375,2.375,2.375
09-01-2019,2.4,2.403,2.39,2.39,2.39
08-01-2019,2.395,2.403,2.388,2.4,2.4
07-01-2019,2.355,2.37,2.353,2.353,2.353
04-01-2019,2.358,2.373,2.358,2.358,2.358
03-01-2019,2.363,2.368,2.355,2.355,2.355
02-01-2019,2.395,2.4,2.36,2.365,2.365
31-12-2018,2.345,2.4,2.3,2.3,2.3
28-12-2018,2.355,2.358,2.318,2.328,2.328
27-12-2018,2.373,2.373,2.348,2.348,2.348
26-12-2018,2.385,2.39,2.373,2.38,2.38
24-12-2018,2.33,2.343,2.33,2.333,2.333
21-12-2018,2.32,2.338,2.318,2.33,2.33
20-12-2018,2.34,2.345,2.335,2.335,2.335
19-12-2018,2.328,2.343,2.328,2.338,2.338
18-12-2018,2.353,2.353,2.328,2.328,2.328
17-12-2018,2.36,2.365,2.34,2.34,2.34
14-12-2018,2.355,2.368,2.355,2.368,2.368
13-12-2018,2.373,2.373,2.358,2.363,2.363
12-12-2018,2.358,2.378,2.358,2.375,2.375
11-12-2018,2.37,2.373,2.368,2.37,2.37
10-12-2018,2.34,2.34,2.32,2.33,2.33
07-12-2018,2.355,2.355,2.338,2.34,2.34
06-12-2018,2.365,2.365,2.35,2.353,2.353
04-12-2018,2.363,2.368,2.36,2.365,2.365
03-12-2018,2.31,2.313,2.288,2.288,2.288
30-11-2018,2.308,2.318,2.308,2.308,2.308
29-11-2018,2.325,2.33,2.303,2.31,2.31
28-11-2018,2.355,2.355,2.33,2.335,2.335
27-11-2018,2.355,2.355,2.353,2.353,2.353
26-11-2018,2.353,2.358,2.343,2.343,2.343
23-11-2018,2.353,2.353,2.348,2.348,2.348
21-11-2018,2.35,2.358,2.348,2.35,2.35
20-11-2018,2.333,2.338,2.333,2.335,2.335
19-11-2018,2.305,2.31,2.3,2.3,2.3
16-11-2018,2.308,2.308,2.298,2.3,2.3
15-11-2018,2.32,2.32,2.31,2.31,2.31
14-11-2018,2.325,2.33,2.325,2.325,2.325
13-11-2018,2.295,2.295,2.295,2.295,2.295
12-11-2018,2.3,2.3,2.3,2.3,2.3
09-11-2018,2.3,2.3,2.3,2.3,2.3
08-11-2018,2.3,2.303,2.298,2.303,2.303
07-11-2018,2.315,2.315,2.305,2.31,2.31
06-11-2018,2.313,2.315,2.308,2.31,2.31
05-11-2018,2.27,2.273,2.268,2.268,2.268
02-11-2018,2.278,2.28,2.27,2.273,2.273
01-11-2018,2.278,2.278,2.27,2.27,2.27
31-10-2018,2.285,2.288,2.275,2.278,2.278
30-10-2018,2.29,2.29,2.283,2.283,2.283
29-10-2018,2.28,2.283,2.26,2.26,2.26
26-10-2018,2.27,2.275,2.27,2.273,2.273
25-10-2018,2.28,2.285,2.28,2.28,2.28
24-10-2018,2.29,2.29,2.285,2.285,2.285
23-10-2018,2.285,2.29,2.285,2.29,2.29
22-10-2018,2.258,2.26,2.258,2.258,2.258
19-10-2018,2.255,2.26,2.255,2.26,2.26
18-10-2018,2.258,2.26,2.255,2.255,2.255
17-10-2018,2.26,2.27,2.26,2.26,2.26
16-10-2018,2.265,2.265,2.255,2.26,2.26
15-10-2018,2.225,2.235,2.223,2.23,2.23
12-10-2018,2.218,2.218,2.218,2.218,2.218
11-10-2018,2.218,2.22,2.215,2.215,2.215
10-10-2018,2.22,2.225,2.22,2.22,2.22
09-10-2018,2.17,2.195,2.17,2.185,2.185
08-10-2018,2.165,2.165,2.165,2.165,2.165
05-10-2018,2.165,2.168,2.163,2.165,2.165
04-10-2018,2.17,2.173,2.168,2.17,2.17
03-10-2018,2.175,2.175,2.17,2.17,2.17
02-10-2018,2.173,2.178,2.168,2.175,2.175
01-10-2018,2.158,2.163,2.153,2.155,2.155
28-09-2018,2.145,2.158,2.145,2.15,2.15
27-09-2018,2.14,2.153,2.135,2.14,2.14
26-09-2018,2.16,2.17,2.15,2.16,2.16
25-09-2018,2.17,2.17,2.165,2.168,2.168
24-09-2018,2.128,2.133,2.123,2.123,2.123
21-09-2018,2.12,2.125,2.12,2.123,2.123
20-09-2018,2.118,2.125,2.118,2.118,2.118
19-09-2018,2.125,2.138,2.12,2.12,2.12
18-09-2018,2.118,2.133,2.118,2.125,2.125
17-09-2018,2.11,2.11,2.105,2.108,2.108
14-09-2018,2.095,2.103,2.095,2.103,2.103
13-09-2018,2.093,2.093,2.09,2.093,2.093
12-09-2018,2.105,2.105,2.105,2.105,2.105
11-09-2018,2.105,2.108,2.105,2.108,2.108
10-09-2018,2.085,2.093,2.083,2.083,2.083
07-09-2018,2.083,2.093,2.083,2.088,2.088
06-09-2018,2.08,2.083,2.078,2.08,2.08
05-09-2018,2.09,2.09,2.09,2.09,2.09
04-09-2018,2.058,2.078,2.058,2.068,2.068
31-08-2018,2.055,2.06,2.055,2.055,2.055
30-08-2018,2.073,2.073,2.055,2.058,2.058
29-08-2018,2.075,2.08,2.075,2.08,2.08
28-08-2018,2.075,2.078,2.075,2.078,2.078
27-08-2018,2.05,2.06,2.05,2.06,2.06
24-08-2018,2.035,2.048,2.035,2.048,2.048
23-08-2018,2.028,2.033,2.025,2.033,2.033
22-08-2018,2.035,2.035,2.035,2.035,2.035
21-08-2018,2.03,2.035,2.03,2.035,2.035
20-08-2018,1.995,1.995,1.993,1.993,1.993
17-08-2018,2.003,2.005,1.993,1.995,1.995
16-08-2018,2.02,2.02,2.013,2.015,2.015
15-08-2018,2.035,2.038,2.02,2.02,2.02
14-08-2018,2.025,2.033,2.023,2.033,2.033
13-08-2018,2,2.005,1.995,1.995,1.995
10-08-2018,2,2,1.995,2,2
09-08-2018,2.01,2.01,2.003,2.005,2.005
08-08-2018,2.008,2.013,2.005,2.008,2.008
07-08-2018,2.01,2.013,2.005,2.008,2.008
06-08-2018,1.97,1.973,1.965,1.968,1.968
03-08-2018,1.96,1.965,1.96,1.96,1.96
02-08-2018,1.973,1.973,1.955,1.965,1.965
01-08-2018,1.98,1.988,1.978,1.978,1.978
31-07-2018,1.99,1.995,1.983,1.985,1.985
30-07-2018,1.95,1.958,1.945,1.945,1.945
27-07-2018,1.943,1.945,1.943,1.945,1.945
26-07-2018,1.948,1.95,1.945,1.945,1.945
25-07-2018,1.965,1.965,1.953,1.953,1.953
24-07-2018,1.96,1.963,1.96,1.96,1.96
23-07-2018,1.925,1.93,1.92,1.92,1.92
20-07-2018,1.945,1.945,1.933,1.933,1.933
19-07-2018,1.95,1.953,1.943,1.948,1.948
18-07-2018,1.97,1.97,1.958,1.96,1.96
17-07-2018,1.968,1.978,1.968,1.975,1.975
16-07-2018,1.935,1.945,1.935,1.938,1.938
13-07-2018,1.92,1.928,1.92,1.928,1.928
12-07-2018,1.92,1.928,1.905,1.928,1.928
11-07-2018,1.928,1.933,1.918,1.92,1.92
10-07-2018,1.938,1.94,1.935,1.935,1.935
09-07-2018,1.91,1.92,1.91,1.915,1.915
06-07-2018,1.905,1.908,1.905,1.905,1.905
05-07-2018,1.915,1.915,1.91,1.91,1.91
03-07-2018,1.935,1.935,1.933,1.933,1.933
02-07-2018,1.875,1.895,1.875,1.895,1.895
29-06-2018,1.878,1.885,1.875,1.88,1.88
28-06-2018,1.878,1.893,1.878,1.88,1.88
27-06-2018,1.883,1.89,1.88,1.88,1.88
26-06-2018,1.893,1.898,1.89,1.893,1.893
25-06-2018,1.865,1.87,1.853,1.853,1.853
22-06-2018,1.888,1.888,1.868,1.87,1.87
21-06-2018,1.888,1.89,1.885,1.89,1.89
20-06-2018,1.888,1.89,1.88,1.888,1.888
19-06-2018,1.89,1.898,1.89,1.898,1.898
18-06-2018,1.885,1.893,1.883,1.883,1.883
15-06-2018,1.88,1.888,1.88,1.888,1.888
14-06-2018,1.883,1.883,1.873,1.883,1.883
13-06-2018,1.885,1.898,1.883,1.895,1.895
12-06-2018,1.905,1.905,1.888,1.888,1.888
11-06-2018,1.878,1.878,1.86,1.868,1.868
08-06-2018,1.885,1.885,1.88,1.88,1.88
07-06-2018,1.9,1.9,1.883,1.885,1.885
06-06-2018,1.913,1.915,1.9,1.9,1.9
05-06-2018,1.905,1.91,1.9,1.903,1.903
04-06-2018,1.865,1.88,1.86,1.865,1.865
01-06-2018,1.868,1.878,1.865,1.868,1.868
31-05-2018,1.88,1.88,1.87,1.87,1.87
30-05-2018,1.893,1.893,1.875,1.878,1.878
29-05-2018,1.85,1.858,1.84,1.84,1.84
25-05-2018,1.855,1.858,1.84,1.853,1.853
24-05-2018,1.86,1.865,1.858,1.86,1.86
23-05-2018,1.888,1.89,1.873,1.873,1.873
22-05-2018,1.89,1.893,1.89,1.893,1.893
21-05-2018,1.858,1.868,1.858,1.863,1.863
18-05-2018,1.863,1.863,1.853,1.855,1.855
17-05-2018,1.863,1.875,1.863,1.863,1.863
16-05-2018,1.87,1.883,1.865,1.865,1.865
15-05-2018,1.875,1.875,1.87,1.875,1.875
14-05-2018,1.863,1.868,1.855,1.855,1.855
11-05-2018,1.85,1.86,1.85,1.86,1.86
10-05-2018,1.84,1.85,1.84,1.845,1.845
09-05-2018,1.835,1.845,1.835,1.845,1.845
08-05-2018,1.84,1.845,1.835,1.835,1.835
07-05-2018,1.79,1.8,1.79,1.793,1.793
04-05-2018,1.785,1.798,1.785,1.793,1.793
03-05-2018,1.79,1.79,1.78,1.788,1.788
02-05-2018,1.815,1.82,1.785,1.785,1.785
01-05-2018,1.823,1.823,1.808,1.81,1.81
30-04-2018,1.773,1.788,1.763,1.763,1.763
27-04-2018,1.78,1.785,1.768,1.77,1.77
26-04-2018,1.785,1.8,1.785,1.785,1.785
25-04-2018,1.815,1.818,1.813,1.815,1.815
24-04-2018,1.833,1.835,1.823,1.823,1.823
23-04-2018,1.77,1.783,1.77,1.783,1.783
20-04-2018,1.77,1.783,1.765,1.765,1.765
19-04-2018,1.768,1.79,1.768,1.783,1.783
18-04-2018,1.75,1.783,1.75,1.77,1.77
17-04-2018,1.74,1.755,1.74,1.755,1.755
16-04-2018,1.718,1.733,1.713,1.713,1.713
13-04-2018,1.71,1.718,1.71,1.718,1.718
12-04-2018,1.69,1.705,1.69,1.705,1.705
11-04-2018,1.693,1.695,1.688,1.693,1.693
10-04-2018,1.71,1.715,1.693,1.695,1.695
09-04-2018,1.68,1.68,1.675,1.675,1.675
06-04-2018,1.675,1.68,1.675,1.68,1.68
05-04-2018,1.66,1.678,1.66,1.675,1.675
04-04-2018,1.705,1.705,1.668,1.668,1.668
03-04-2018,1.738,1.74,1.713,1.713,1.713
02-04-2018,1.683,1.688,1.683,1.683,1.683
29-03-2018,1.695,1.705,1.67,1.67,1.67
28-03-2018,1.71,1.72,1.693,1.695,1.695
27-03-2018,1.753,1.755,1.733,1.733,1.733
26-03-2018,1.705,1.713,1.698,1.705,1.705
23-03-2018,1.688,1.695,1.685,1.688,1.688
22-03-2018,1.683,1.693,1.67,1.683,1.683
21-03-2018,1.755,1.76,1.695,1.71,1.71
20-03-2018,1.76,1.76,1.758,1.758,1.758
19-03-2018,1.758,1.76,1.728,1.728,1.728
16-03-2018,1.728,1.74,1.728,1.738,1.738
15-03-2018,1.723,1.735,1.723,1.733,1.733
14-03-2018,1.71,1.718,1.7,1.718,1.718
13-03-2018,1.665,1.69,1.665,1.69,1.69
12-03-2018,1.635,1.645,1.635,1.643,1.643
09-03-2018,1.63,1.64,1.63,1.635,1.635
08-03-2018,1.645,1.645,1.635,1.635,1.635
07-03-2018,1.643,1.65,1.64,1.65,1.65
06-03-2018,1.638,1.653,1.638,1.643,1.643
05-03-2018,1.61,1.63,1.61,1.625,1.625
02-03-2018,1.588,1.605,1.588,1.605,1.605
01-03-2018,1.61,1.618,1.59,1.59,1.59
28-02-2018,1.63,1.63,1.618,1.618,1.618
27-02-2018,1.64,1.64,1.635,1.635,1.635
26-02-2018,1.6,1.613,1.6,1.608,1.608
23-02-2018,1.603,1.605,1.603,1.605,1.605
22-02-2018,1.613,1.613,1.605,1.605,1.605
21-02-2018,1.61,1.613,1.603,1.608,1.608
20-02-2018,1.583,1.585,1.57,1.573,1.573
16-02-2018,1.56,1.57,1.56,1.57,1.57
15-02-2018,1.538,1.56,1.538,1.56,1.56
14-02-2018,1.563,1.575,1.538,1.55,1.55
13-02-2018,1.563,1.58,1.553,1.57,1.57
12-02-2018,1.535,1.558,1.533,1.535,1.535
09-02-2018,1.513,1.525,1.513,1.525,1.525
08-02-2018,1.513,1.533,1.51,1.515,1.515
07-02-2018,1.5,1.533,1.495,1.515,1.515
06-02-2018,1.498,1.498,1.478,1.488,1.488
05-02-2018,1.445,1.463,1.445,1.458,1.458
02-02-2018,1.445,1.455,1.445,1.45,1.45
01-02-2018,1.425,1.455,1.42,1.453,1.453
31-01-2018,1.428,1.443,1.42,1.43,1.43
30-01-2018,1.413,1.428,1.413,1.425,1.425
29-01-2018,1.395,1.395,1.375,1.375,1.375
26-01-2018,1.388,1.388,1.38,1.388,1.388
25-01-2018,1.398,1.4,1.39,1.393,1.393
24-01-2018,1.413,1.415,1.403,1.41,1.41
23-01-2018,1.418,1.418,1.41,1.413,1.413
22-01-2018,1.4,1.4,1.39,1.39,1.39
19-01-2018,1.4,1.403,1.398,1.403,1.403
18-01-2018,1.41,1.418,1.405,1.405,1.405
17-01-2018,1.413,1.415,1.408,1.415,1.415
16-01-2018,1.415,1.425,1.395,1.395,1.395
12-01-2018,1.398,1.415,1.395,1.41,1.41
11-01-2018,1.39,1.405,1.39,1.403,1.403
10-01-2018,1.42,1.423,1.395,1.395,1.395
09-01-2018,1.418,1.42,1.413,1.415,1.415
08-01-2018,1.37,1.38,1.37,1.38,1.38
05-01-2018,1.37,1.37,1.37,1.37,1.37
04-01-2018,1.37,1.375,1.37,1.37,1.37
03-01-2018,1.388,1.39,1.368,1.37,1.37
02-01-2018,1.388,1.4,1.375,1.378,1.378
29-12-2017,1.365,1.38,1.35,1.355,1.355
28-12-2017,1.393,1.413,1.37,1.37,1.37
27-12-2017,1.433,1.435,1.408,1.408,1.408
26-12-2017,1.313,1.315,1.293,1.303,1.303
22-12-2017,1.32,1.32,1.295,1.298,1.298
21-12-2017,1.35,1.35,1.32,1.32,1.32
20-12-2017,1.353,1.37,1.35,1.35,1.35
19-12-2017,1.348,1.353,1.343,1.353,1.353
18-12-2017,1.29,1.32,1.29,1.315,1.315
15-12-2017,1.28,1.29,1.28,1.285,1.285
14-12-2017,1.278,1.293,1.278,1.283,1.283
13-12-2017,1.31,1.315,1.27,1.273,1.273
12-12-2017,1.313,1.313,1.31,1.31,1.31
11-12-2017,1.25,1.265,1.25,1.263,1.263
08-12-2017,1.263,1.263,1.253,1.253,1.253
07-12-2017,1.26,1.27,1.25,1.26,1.26
06-12-2017,1.285,1.29,1.263,1.263,1.263
05-12-2017,1.263,1.283,1.26,1.283,1.283
04-12-2017,1.238,1.25,1.238,1.245,1.245
01-12-2017,1.238,1.255,1.23,1.235,1.235
30-11-2017,1.263,1.263,1.238,1.238,1.238
29-11-2017,1.265,1.265,1.25,1.258,1.258
28-11-2017,1.27,1.27,1.265,1.265,1.265
27-11-2017,1.243,1.243,1.223,1.223,1.223
24-11-2017,1.263,1.263,1.235,1.24,1.24
22-11-2017,1.275,1.278,1.255,1.265,1.265
21-11-2017,1.283,1.29,1.275,1.278,1.278
20-11-2017,1.24,1.245,1.235,1.24,1.24
17-11-2017,1.23,1.24,1.23,1.24,1.24
16-11-2017,1.223,1.235,1.223,1.23,1.23
15-11-2017,1.233,1.245,1.23,1.23,1.23
14-11-2017,1.228,1.24,1.228,1.24,1.24
13-11-2017,1.2,1.2,1.18,1.185,1.185
10-11-2017,1.205,1.205,1.2,1.2,1.2
09-11-2017,1.205,1.228,1.203,1.203,1.203
08-11-2017,1.188,1.2,1.188,1.195,1.195
07-11-2017,1.185,1.208,1.185,1.188,1.188
06-11-2017,1.158,1.16,1.153,1.158,1.158
03-11-2017,1.135,1.148,1.135,1.148,1.148
02-11-2017,1.133,1.143,1.133,1.138,1.138
01-11-2017,1.123,1.138,1.123,1.138,1.138
31-10-2017,1.12,1.123,1.118,1.123,1.123
30-10-2017,1.073,1.08,1.073,1.075,1.075
27-10-2017,1.075,1.075,1.073,1.073,1.073
26-10-2017,1.08,1.083,1.075,1.08,1.08
25-10-2017,1.095,1.098,1.08,1.083,1.083
24-10-2017,1.098,1.098,1.098,1.098,1.098
23-10-2017,1.08,1.08,1.07,1.07,1.07
